String;Band;BsbId;Seite;Link;alternativ
Thietmar von Merseburg, Chronicon, ed. Robert Holtzmann (MGH SS rer. Germ. N.S. 9), Berlin 1935.;MGH SS rer. Germ. N. S. 9;689;;http://www.mgh.de/dmgh/resolving/MGH_SS_rer._Germ._N._S._9;
Hugo von Farfa, Destructio monasterii Farfensis, ed. Ludwig C. Bethmann, in: MGH SS 11, Hannover 1854, S. 532-539.;MGH SS 11;942;532;http://www.mgh.de/dmgh/resolving/MGH_SS_11_S._532;
Liudprand von Cremona, Antapodosis, in: Die Werke Liudprands von Cremona, ed. Joseph Becker (MGH SS. rer. Germ. [41]), Hannover – Leipzig ³1915, S. 1-158.;MGH SS rer. Germ. 41;743;1;http://www.mgh.de/dmgh/resolving/MGH_SS_rer._Germ._41_S._1;
Widukind von Corvey, Rerum gestarum Saxonicarum libri tres, ed. Georg Waitz, in: MGH SS 3, Hannover 1839, S. 408-467.;MGH SS 3;;408;;http://www.mgh.de/dmgh/resolving/MGH_SS_3_S._408
Widukind von Corvey, Rerum gestarum Saxonicarum libri tres / Die Sachsengeschichte des Widukind von Corvey, ed. Hans-Eberhard Lohmann, überarb. von Paul Hirsch (MGH Script. rer. Germ. [60]), Hannover 1935.;MGH SS rer. Germ. 60;708;;http://www.mgh.de/dmgh/resolving/MGH_SS_rer._Germ._60;
Ekkehard IV. von St. Gallen, Casuum S. Galli Continuatio I, ed. Ildefons von Arx, in: MGH SS 2, Hannover 1892, S. 75-147.;MGH SS 2;;75;;http://www.mgh.de/dmgh/resolving/MGH_SS_2_S._75
Einhard, Vita Karoli Magni, ed. Georg Waitz (MGH SS rer. Germ. [25]), Hannover 1911.;MGH SS rer. Germ. 25;728;;http://www.mgh.de/dmgh/resolving/MGH_SS_rer._Germ._25;
Annales Fuldenses sive Annales regni Francorum orientalis, ed. Friedrich Kurze (MGH SS rer. Germ. [7]), Hannover 1891.;MGH SS rer. Germ. 7;760;;http://www.mgh.de/dmgh/resolving/MGH_SS_rer._Germ._7;
Regino von Prüm, Chronicon cum Continuatione Treverensi, ed. Friedrich Kurze (MGH SS rer. Germ. [50]), Hannover 1890.;MGH SS rer. Germ. 50;772;;http://www.mgh.de/dmgh/resolving/MGH_SS_rer._Germ._50;
Astronomus, Vita Hludowici imperatoris, hg. und übers. v. Ernst Tremp, in: Thegan. Die Taten Kaiser Ludwigs – Astronomus. Das Leben Kaiser Ludwigs, ed. Ernst Tremp (MGH SS rer. Germ. 64), Hannover 1995, S. 279-555.;MGH SS rer. Germ. 64;712;279;http://www.mgh.de/dmgh/resolving/MGH_SS_rer._Germ._64_S._279;
Notker der Stammler, Taten Kaiser Karls des Grossen, ed. Hans F. Haefele (MGH SS rer. Germ. N.S [12]), Berlin 1959.;MGH SS rer. Germ. N. S.12;692;;http://www.mgh.de/dmgh/resolving/MGH_SS_rer._Germ._N._S._12;
Annales Hildesheimenses, ed. Georg Waitz (MGH SS rer. Germ. [8]), Hannover 1878.;MGH SS rer. Germ. 8;761;;http://www.mgh.de/dmgh/resolving/MGH_SS_rer._Germ._8;
Annales regni Francorum inde ab a. 741 usque ad a. 829, qui dicuntur Annales Laurissenses maiores et Einhardi, ed. Friedrich Kurze (MGH Script. rer. Germ. [6]), Hannover 1895, S. 1-178.;MGH SS rer. Germ. 6;759;1;http://www.mgh.de/dmgh/resolving/MGH_SS_rer._Germ._6_S._1;
Annales Altahenses maiores, ed. Wilhelm Giesebrecht – Edmund von Oefele (MGH SS rer. Germ. [4]), Hannover 1891.;MGH SS rer. Germ. 4;880;;http://www.mgh.de/dmgh/resolving/MGH_SS_rer._Germ._4;
Lamperti monachi Hersfeldensis opera, ed. Oswald Holder-Egger (MGH SS rer. Germ. [38]), Hannover – Leipzig 1894.;MGH SS rer. Germ. 38;741;;http://www.mgh.de/dmgh/resolving/MGH_SS_rer._Germ._38;
Annales regni Francorum inde ab a. 741 usque ad a. 829, qui dicuntur Annales Laurissenses maiores et Einhardi, ed. Georg Heinrich Pertz (MGH SS rer. Germ. [6]), Hannover 1895.;MGH SS rer. Germ. 6;759;;http://www.mgh.de/dmgh/resolving/MGH_SS_rer._Germ._6;
Thegan, Gesta Hludovici imperatoris, hg. und übers. v. Ernst Tremp, in: Thegan. Die Taten Kaiser Ludwigs – Astronomus. Das Leben Kaiser Ludwigs, ed. Ernst Tremp (MGH SS rer. Germ. 64), Hannover 1995, S. 167-278.;MGH SS rer. Germ. 64;712;167;http://www.mgh.de/dmgh/resolving/MGH_SS_rer._Germ._64_S._167;
Annales Xantenses qui dicuntur, ed. Berhard von Simson, in: MGH SS rer. Germ. [12], Hannover – Leipzig 1909, S. 1-39.;MGH SS rer. Germ. 12;764;1;http://www.mgh.de/dmgh/resolving/MGH_SS_rer._Germ._12_S._1;
Bernoldi chronicon 1-1100, ed. Georg Heinrich Pertz, in: MGH SS 5, Hannover 1844, S. 400-467.;MGH SS 5;872;400;http://www.mgh.de/dmgh/resolving/MGH_SS_5_S._400;
Die Chroniken Bertholds von Reichenau und Bernolds von Konstanz 1054-1100, ed. Ian S. Robinson, in: MGH SS rer. Germ. N.S. 14, Hannover 2003, S. 383-540.;MGH SS rer. Germ. N. S. 14;694;383;http://www.mgh.de/dmgh/resolving/MGH_SS_rer._Germ._N._S._14_S._383;
Carmen elegiacum in honorem Hludovici christianissimi Caesaris Augusti, hg. von Ernst Dümmler, in: MGH Poetae 2, Berlin 1884, S. 4-79.;MGH Poetae 2;832;4;http://www.mgh.de/dmgh/resolving/MGH_Poetae_2_S._4;
Paulus Diaconus, Historia Langobardorum, ed. Georg Waitz (MGH SS rer. Germ. [48]), Hannover 1878.;MGH SS rer. Germ. 48;770;;http://www.mgh.de/dmgh/resolving/MGH_SS_rer._Germ._48;
Hermanni Augiensis Chronicon, ed. Georg Heinrich Pertz, in: MGH SS 5, Hannover 1844, S. 67-133.;MGH SS 5;872;67;http://www.mgh.de/dmgh/resolving/MGH_SS_5_S._67;
Versus ad pueros, hg. von Ernst Dümmler, in: MGH Poetae 2, Berlin 1884, S. 92-93.;MGH Poetae 2;832;92;http://www.mgh.de/dmgh/resolving/MGH_Poetae_2_S._92;
Liudprand von Cremona, Historia Ottonis, in: Die Werke Liudprands von Cremona, ed. Joseph Becker (MGH SS. rer. Germ. [41]), Hannover – Leipzig ³1915, S. 159-175.;MGH SS rer. Germ. 41;743;159;http://www.mgh.de/dmgh/resolving/MGH_SS_rer._Germ._41_S._159;
Liudprand von Cremona, Legatio, in: Die Werke Liudprands von Cremona, ed. Joseph Becker (MGH SS. rer. Germ. [41]), Hannover – Leipzig ³1915, S. 175-212.;MGH SS rer. Germ. 41;743;175;http://www.mgh.de/dmgh/resolving/MGH_SS_rer._Germ._41_S._175;
Adam von Bremen, Gesta Hammaburgensis ecclesiae pontificum, ed. Bernhard Schmeidler (MGH SS rer. Germ. [2]), Hannover 31917, S. 1-283.;MGH SS rer. Germ. 2;756;1;http://www.mgh.de/dmgh/resolving/MGH_SS_rer._Germ._2_S._1;
Die Annales Quedlinburgenses, ed. Martina Giese (MGH SS rer. Germ. 72), Hannover 2004.;MGH SS rer. Germ. 72;719;;http://www.mgh.de/dmgh/resolving/MGH_SS_rer._Germ._72;
Chronicon qui dicuntur Fredegarii Scholastici Libri IV cum continuationibus, ed. Bruno Krusch, in: MGH SS rer. Merov. 2, Hannover 1888, S. 1-193.;MGH SS rer. Merov. 2;749;1;http://www.mgh.de/dmgh/resolving/MGH_SS_rer._Merov._2_S._1;
Annales Laureshamenses, ed. Georg Heinrich Pertz, in: MGH SS 1, Hannover 1826, S. 22-39.;MGH SS 1;;22;;http://www.mgh.de/dmgh/resolving/MGH_SS_1_S._22
Annales Sancti Amandi, ed. Georg Heinrich Pertz, in: MGH SS 1, Hannover 1826, S. 6-14.;MGH SS 1;;6;;http://www.mgh.de/dmgh/resolving/MGH_SS_1_S._6
Annales Tiliani, ed. Georg Heinrich Pertz, in: MGH SS 1, Hannover 1826, S. 6, 8, 219-224.;MGH SS 1;;;;http://www.mgh.de/dmgh/resolving/MGH_SS_1
Annales Alamannici, ed. Georg Heinrich Pertz, in: MGH SS 1, Hannover 1826, S. 22-60.;MGH SS 1;;22;;http://www.mgh.de/dmgh/resolving/MGH_SS_1_S._22
Nithardi Historiarum libri IIII, ed. Georg Heinrich Pertz (MGH SS rer. Germ. [44]), Hannover – Leipzig 1907.;MGH SS rer. Germ. 44;945;;http://www.mgh.de/dmgh/resolving/MGH_SS_rer._Germ._44;
Die Chroniken Bertholds von Reichenau und Bernolds von Konstanz 1054-1100, ed. Ian Stuart Robinson (MGH SS rer. Germ. N.S. 14), Hannover 2003.;MGH SS rer. Germ. N. S. 14;694;;http://www.mgh.de/dmgh/resolving/MGH_SS_rer._Germ._N._S._14;
Gesta Dagoberti I. regis Francorum, ed. Bruno Krusch, in: MGH SS rer. Merov. 2, Hannover 1888, S. 396-425.;MGH SS rer. Merov. 2;749;396;http://www.mgh.de/dmgh/resolving/MGH_SS_rer._Merov._2_S._396;
Annales Lobienses, ed. Georg Waitz, in: MGH SS 13, Hannover 1881, S. 224-235.;MGH SS 13;875;224;http://www.mgh.de/dmgh/resolving/MGH_SS_13_S._224;
Paulus Warnefridus, Liber de episcopis Mettensibus, ed. Georg Heinrich Pertz, in: MGH SS 2, Hannover 1829, S. 260-270.;MGH SS 2;;260;;http://www.mgh.de/dmgh/resolving/MGH_SS_2_S._260
Annales Besuenses, ed. Georg Heinrich Pertz, in: MGH SS 2, Hannover 1829, S. 247-250.;MGH SS 2;;247;;http://www.mgh.de/dmgh/resolving/MGH_SS_2_S._247
Adbreviatio de gestis Langobardorum, ed. Waitz, in: MGH SS rer Lang. [1], Hannover 1878, S. 220-230.;MGH SS rer Lang. 1;;220;;http://www.mgh.de/dmgh/resolving/MGH_SS_rer_Lang._1_S._220
Annales Barenses, ed. Georg Pertz, in: MGH SS 5, Hannover 1844, S. 51-63.;MGH SS 5;872;51;http://www.mgh.de/dmgh/resolving/MGH_SS_5_S._51;
Isidor, Historia Gothorum Wandalorum Sueborum, ed. Theodor Mommsen, in: MGH SS Auct. ant. 11, Berlin 1894, S. 241-390.;MGH SS Auct. ant. 11;;241;;http://www.mgh.de/dmgh/resolving/MGH_SS_Auct._ant._11_S._241
Annales Petaviani, ed. Georg Heinrich Pertz, in: MGH SS 1, Hannover 1826, S. 3-18;MGH SS 1;;3;;http://www.mgh.de/dmgh/resolving/MGH_SS_1_S._3
 Annales Petaviani, ed. Georg Heinrich Pertz, in: MGH SS 3, Hannover 1839, S. 170.;MGH SS 3;;170;;http://www.mgh.de/dmgh/resolving/MGH_SS_3_S._170
Die Geschichte vom Leben des Johannes, Abt des Klosters Gorze / Hystoria de vita domni Iohannis Gorzie coenobii abbatis, ed. Peter Christian Jacobsen (MGH SS rer. Germ. 81), Wiesbaden 2016.;MGH SS rer. Germ. 81;;;;http://www.mgh.de/dmgh/resolving/MGH_SS_rer._Germ._81
Ex Syri Vita S. Maioli, ed. Georg Waitz, in: MGH SS 4, Hannover 1841, S. 649-655.;MGH SS 4;871;649;http://www.mgh.de/dmgh/resolving/MGH_SS_4_S._649;
Vita Willibaldi episcopi Eichstetensis, ed. Oswald Holder-Egger, in: MGH SS 15, 1, Hannover 1887, S. 86-106.;MGH SS 15;;86;;http://www.mgh.de/dmgh/resolving/MGH_SS_15_S._86
Flodoard von Reims, Die Geschichte der Reimser Kirche, ed. Martina Stratmann (MGH SS 36), Hannover 1998.;MGH SS 36;606;;http://www.mgh.de/dmgh/resolving/MGH_SS_36;
Mariani Scotti Chronicon, ed. Georg Waitz, in: MGH SS 5, Hannover 1844, S. 481-564.;MGH SS 5;872;481;http://www.mgh.de/dmgh/resolving/MGH_SS_5_S._481;
Annales Fuldenses Antiquissimi, ed. Friedrich Kurze, in: MGH SS rer. Germ. [7], Hannover 1891, S. 136-138.;MGH SS rer. Germ. 7;;136;;http://www.mgh.de/dmgh/resolving/MGH_SS_rer._Germ._7_S._136
Annales Vedastini, ed. Bernhard von Simson, in: MGH SS rer. Germ. [12], Hannover – Leipzig 1909, S. 40-82.;MGH SS rer. Germ. 12;764;40;http://www.mgh.de/dmgh/resolving/MGH_SS_rer._Germ._12_S._40;
Carmen Nigelli Ermoldi exulis in laudem gloriosissimi Pippini regis, ed. Ernst Dümmler, in: MGH Poetae 2, Berlin 1884, S. 79-91.;MGH Poetae 2;832;79;http://www.mgh.de/dmgh/resolving/MGH_Poetae_2_S._79;
Epitaphium Adalheidae imperatricis auctore Odilone, ed. Georg Heinrich Pertz, in: MGH SS 4, Hannover 1841, S. 633-649.;MGH SS 4;871;633;http://www.mgh.de/dmgh/resolving/MGH_SS_4_S._633;
Anskarii Vita sancti Willehadi, ed. Georg Heinrich Pertz, in: MGH SS 2, Hannover 1829, S. 378-390.;MGH SS 2;;378;;http://www.mgh.de/dmgh/resolving/MGH_SS_2_S._378
Brunos Buch vom Sachsenkrieg, ed. Hans-Eberhard Lohmann (MGH Dt. MA 2), Leipzig 1937.;MGH Dt. MA 2;615;;http://www.mgh.de/dmgh/resolving/MGH_Dt._MA_2;
Translatio s. Alexandri auctoribus Ruodolfo et Meginharto, ed. Georg Heinrich Pertz, in: MGH SS 2, Hannover 1829, S. 673-681.;MGH SS 2;;673;;http://www.mgh.de/dmgh/resolving/MGH_SS_2_S._673
Vita sancti Anskarii. A Rimberto et alio discipulo Anskarii conscripta, ed. Christoph Friedrich Dahlmann, in: MGH SS 2, Hannover 1829, S. 683-725;MGH SS 2;;683;;http://www.mgh.de/dmgh/resolving/MGH_SS_2_S._683
 Vita Anskarii auctore Rimberto, ed. Georg Waitz, in: MGH SS rer. Germ. [55], Hannover 1884, S. 5-79.;MGH SS rer. Germ. 55;703;5;http://www.mgh.de/dmgh/resolving/MGH_SS_rer._Germ._55_S._5;
Vita Bernwardi episcopi Hildesheimensis auctore Thangmaro, ed. Georg Heinrich Pertz, in: MGH SS 4, Hannover 1841, S. 754-782.;MGH SS 4;871;754;http://www.mgh.de/dmgh/resolving/MGH_SS_4_S._754;
Ruotgeri vita Brunonis archiepiscopi Coloniensis, ed. Irene Ott (MGH SS rer. Germ. N.S. 10), Weimar 1951.;MGH SS rer. Germ. N. S. 10;690;;http://www.mgh.de/dmgh/resolving/MGH_SS_rer._Germ._N._S._10;
Agii vita et obitus Hathumodae, ed. Georg Heinrich Pertz, in: MGH SS 4, Hannover 1841, S. 165-189.;MGH SS 4;871;165;http://www.mgh.de/dmgh/resolving/MGH_SS_4_S._165;
Liudgeri vita Gregorii abbatis Traiectensis, ed. Oswald Holder-Egger, in: MGH SS 15,1, Hannover 1887, S. 63-79.;MGH SS 15,1;890;63;http://www.mgh.de/dmgh/resolving/MGH_SS_15,1_S._63;
Annales Brunwilarenses, ed. Georg Heinrich Pertz, in: MGH SS 16, Hannover 1859, S. 724-728;MGH SS 16;943;724;http://www.mgh.de/dmgh/resolving/MGH_SS_16_S._724;
 Annalium Brunwilarensium supplementum ed. Georg Heinrich Pertz, in: MGH SS 2, Hannover 1829, S. 216 Ergänzungen 1000-1149.;MGH SS 2;;216;;http://www.mgh.de/dmgh/resolving/MGH_SS_2_S._216
Annales Floriacenses, ed. Georg Heinrich Pertz, in: MGH SS 2, Hannover 1829, S. 254-255.;MGH SS 2;;254;;http://www.mgh.de/dmgh/resolving/MGH_SS_2_S._254
Annales Lemovicenses, ed. Georg Heinrich Pertz, in: MGH SS 2, Hannover 1829, S. 251-252.;MGH SS 2;;251;;http://www.mgh.de/dmgh/resolving/MGH_SS_2_S._251
Annales ut videtur Alcuini, ed. Georg Heinrich Pertz, in: MGH SS 4, Hannover 1841, S. 2.;MGH SS 4;871;2;http://www.mgh.de/dmgh/resolving/MGH_SS_4_S._2;
Annales S. Amandi breves, ed. Georg Heinrich Pertz, in: MGH SS 2, Hannover 1829, S. 184.;MGH SS 2;;184;;http://www.mgh.de/dmgh/resolving/MGH_SS_2_S._184
Annales S. Bavonis Gandensis, ed. Georg Heinrich Pertz, in: MGH SS 2, Hannover 1829, S. 185-191.;MGH SS 2;;185;;http://www.mgh.de/dmgh/resolving/MGH_SS_2_S._185
Annales Sancti Maximini Trevirensis, ed. Georg Heinrich Pertz, in: MGH SS 2, Hannover 1829, S. 212-213 aus einer Abschrift des 14. Jahrhunderts;MGH SS 2;;212;;http://www.mgh.de/dmgh/resolving/MGH_SS_2_S._212
 Annales Sancti Maximini Trevirensis, ed. Georg Heinrich Pertz, in: MGH SS 4, Hannover 1841, S. 5-7 aus dem Codex Goerres.;MGH SS 4;871;5;http://www.mgh.de/dmgh/resolving/MGH_SS_4_S._5;
Abbonis bella Parisiacae urbis, ed. Paul von Winterfeld, in: MGH Poeta 4,1, Berlin 1899, S. 72-122.;MGH Poeta 4,1;;72;;http://www.mgh.de/dmgh/resolving/MGH_Poeta_4,1_S._72
Erchanberti breviarium regum Francorum, ed. Georg Heinrich Pertz, in: MGH SS 2, Hannover 1829, S. 327-330 vollständig erst ab 741, vorher nur Auszüge;MGH SS 2;;;;http://www.mgh.de/dmgh/resolving/MGH_SS_2
Angilberti carmen de Karolo Magno, ed. Georg Heinrich Pertz, in: MGH SS 2, Hannover 1829, S. 391-403;MGH SS 2;;391;;http://www.mgh.de/dmgh/resolving/MGH_SS_2_S._391
 Karolo Magnus et Leo Papa, ed. Ernst Dümmler, in: MGH Poetae 1, Berlin 1881, S. 366-379.;MGH Poetae 1;831;366;http://www.mgh.de/dmgh/resolving/MGH_Poetae_1_S._366;
Casus S. Galli, ed. Ildefons von Arx, in: MGH SS 2, Hannover 1829, S. 59-74;MGH SS 2;;59;;http://www.mgh.de/dmgh/resolving/MGH_SS_2_S._59
 Ratpert, St. Galler Klostergeschichten (Casus sancti Galli), ed. Hannes Steiner (MGH SS rer. Germ. 75), Hannover 2002.;MGH SS rer. Germ. 75;721;;http://www.mgh.de/dmgh/resolving/MGH_SS_rer._Germ._75;
Casuum S. Galli contiuatio II, ed. Ildefons von Arx, in: MGH SS 2, Hannover 1829, S. 148-163.;MGH SS 2;;148;;http://www.mgh.de/dmgh/resolving/MGH_SS_2_S._148
Casuum S. Galli contiuatio III auctore Conrado de Fabaria, ed. Ildefons von Arx, in: MGH SS 2, Hannover 1829, S. 163-183.;MGH SS 2;;163;;http://www.mgh.de/dmgh/resolving/MGH_SS_2_S._163
Liber historiae Francorum, ed. Bruno Krusch, in: MGH SS rer. Merov. 2, Hannover 1888, S. 215-328;MGH SS rer. Merov. 2;749;215;http://www.mgh.de/dmgh/resolving/MGH_SS_rer._Merov._2_S._215;
 ed. Bruno Krusch, in: MGH SS rer. Merov. 7, Hannover – Leipzig 1920, S. 772-775 Varianten und Verbesserungen.;MGH SS rer. Merov. 7;754;772;http://www.mgh.de/dmgh/resolving/MGH_SS_rer._Merov._7_S._772;
Historia Daretis Frigii de origine Francorum, ed. Bruno Krusch, in: MGH SS rer. Merov. 2, Hannover 1888, S. 194-200.;MGH SS rer. Merov. 2;749;194;http://www.mgh.de/dmgh/resolving/MGH_SS_rer._Merov._2_S._194;
Vita Leobae abbatissae Bischofesheimensis auctore Rudolfo Fuldensi, ed. Georg Waitz, in: MGH SS 15,1, Hannover 1887, S. 118-131.;MGH SS 15,1;890;118;http://www.mgh.de/dmgh/resolving/MGH_SS_15,1_S._118;
Die Lebensbeschreibungen der Königin Mathilde, ed. Bernd Schütte (MGH SS rer. Germ. 66), Hannover 1994.;MGH SS rer. Germ. 66;714;;http://www.mgh.de/dmgh/resolving/MGH_SS_rer._Germ._66;
Ex vita Adalhard, ed. Georg Heinrich Pertz, in: MGH SS 2, Hannover 1829, S. 524-532 Auszüge;MGH SS 2;;524;;http://www.mgh.de/dmgh/resolving/MGH_SS_2_S._524
Ex vita Arnulfi episcope Suessionensis auct. Hariulfo abate Aldenburgensi, ed. Oswald Holder-Egger, in: MGH SS 15,2, Hannover 1888, S. 872-904 Auszüge;MGH SS 15,2;889;872;http://www.mgh.de/dmgh/resolving/MGH_SS_15,2_S._872;
Vita Bennonis II. episcopi Osnabrvgensis avctore Nortberto abbate Ibvrgensi, ed. Harry Bresslau, in: MGH SS 30,2, Leipzig 1934, S. 869-892.;MGH SS 30,2;883;869;http://www.mgh.de/dmgh/resolving/MGH_SS_30,2_S._869;
Vita Eigilis abbatis Fuldensis auctore Candido, ed. Georg Waitz, in: MGH SS 15,1, Berlin 1887, S. 221-233 Prosateil;MGH SS 15,1;890;221;http://www.mgh.de/dmgh/resolving/MGH_SS_15,1_S._221;
 Candidus de vita Aeigili, ed. Ernst Dümmler, in: MGH Poetae 2, Hannover 1884, S. 94-117.;MGH Poetae 2;832;94;http://www.mgh.de/dmgh/resolving/MGH_Poetae_2_S._94;
Ex vita Hugonis auctore Rainaldo, ed. Lothar von Heinemann, in: MGH SS 15,2, Hannover 1888, S. 940-941 Auszüge;MGH SS 15,2;889;940;http://www.mgh.de/dmgh/resolving/MGH_SS_15,2_S._940;
Ex vita sancti Lebuini auctore Hucbaldo monacho s. Armandi, ed. Georg Heinrich Pertz, in: MGH SS 2, Hannover 1829, S. 360-364 Auszüge;MGH SS 2;;360;;http://www.mgh.de/dmgh/resolving/MGH_SS_2_S._360
Altfridi vita sancti Liudgeri, ed. Georg Heinrich Pertz, in: MGH SS 2, Hannover 1829, S. 403-425.;MGH SS 2;;403;;http://www.mgh.de/dmgh/resolving/MGH_SS_2_S._403
Eigilis vita sancit Sturmi, ed. Georg Heinrich Pertz, in: MGH SS 2, Hannover 1829, S. 365-377.;MGH SS 2;;365;;http://www.mgh.de/dmgh/resolving/MGH_SS_2_S._365
Wolferi vita Godehardi episcopi piror, ed. Georg Heinrich Pertz, in: MGH SS 11, Hannover 1854, S. 167- 196;MGH SS 11;942;167;http://www.mgh.de/dmgh/resolving/MGH_SS_11_S._167;
Passio Leudegarii episcopi Augustodunensis auctore Ursino, ed. Bruno Krusch, in: MGH SS rer. Merov. 5, Hannover – Leipzig 1910, S. 323-356.;MGH SS rer. Merov. 5;752;323;http://www.mgh.de/dmgh/resolving/MGH_SS_rer._Merov._5_S._323;
Walafride Strabonis vita sancti Otmari abbatis Sangallensis, ed. Ildefons von Arx, in: MGH SS 2, Hannover 1829, S. 41-47.;MGH SS 2;;41;;http://www.mgh.de/dmgh/resolving/MGH_SS_2_S._41
Ysonis de miraculis s. Otmari libri II, ed. Ildefons von Arx, in: MGH SS 2, Hannover 1829, S. 47-54.;MGH SS 2;;47;;http://www.mgh.de/dmgh/resolving/MGH_SS_2_S._47
Rhythmi de sancto Otmaro, ed. Ildefons von Arx, in: MGH SS 2, Hannover 1829, S. 54-58.;MGH SS 2;;54;;http://www.mgh.de/dmgh/resolving/MGH_SS_2_S._54
Vita sancti Galli, ed. Ildefons von Arx, in: MGH SS 2, Hannover 1829, S. 1-21;MGH SS 2;;1;;http://www.mgh.de/dmgh/resolving/MGH_SS_2_S._1
 Gozberti diaconi continuatio libri II de miraculis s. Galli per Walafridum emendata, ed. Ildefons von Arx, in: MGH SS 2, Hannover 1829, S. 21-31;MGH SS 2;;21;;http://www.mgh.de/dmgh/resolving/MGH_SS_2_S._21
 Vita Galli auctore Wettino cum prologo metric ad Gozbertum, ed. Bruno Krusch, in: MGH SS rer. Merov. 4, Hannover – Leipzig 1902, S. 256-280.;MGH SS rer. Merov. 4;751;256;http://www.mgh.de/dmgh/resolving/MGH_SS_rer._Merov._4_S._256;
Ermenrici coenobitae Augiensis tentamen vitae s. Galli adornandae in prosa et metro, ed. Ildefons von Arx, in: MGH SS 2, Hannover 1829, S. 31-33 Auszug über den hl. Gallus;MGH SS 2;;31;;http://www.mgh.de/dmgh/resolving/MGH_SS_2_S._31
 Ermenrici Elwangensis epistola ad Grimaldum abbatem, ed. Ernst Dümmler, in: MGH Epp. 5, Berlin 1899, S. 534-580.;MGH Epp. 5;539;534;http://www.mgh.de/dmgh/resolving/MGH_Epp._5_S._534;
Chronica de sex aetatibus mundi, ed. Georg Heinrich Pertz, in: MGH SS 2, Hannover 1829, S. 256.;MGH SS 2;;256;;http://www.mgh.de/dmgh/resolving/MGH_SS_2_S._256
Abbatum s. Galli catalogus, ed. Ildefons von Arx, in: MGH SS 2, Hannover 1829, S. 34-37.;MGH SS 2;;34;;http://www.mgh.de/dmgh/resolving/MGH_SS_2_S._34
Abbatum monasterii Augensis catalogus, ed. Ildefons von Arx, in: MGH SS 2, Hannover 1829, S. 37-38.;MGH SS 2;;37;;http://www.mgh.de/dmgh/resolving/MGH_SS_2_S._37
Episcoporum Constantiensium catalogus, ed. Ildefons von Arx, in: MGH SS 2, Hannover 1829, S. 39.;MGH SS 2;;39;;http://www.mgh.de/dmgh/resolving/MGH_SS_2_S._39
Vita s. Bonifatii archiepiscopi auctore Willibaldo presbytero, ed. Georg Heinrich Pertz, in: MGH SS 2, Hannover 1829, S. 331-359;MGH SS 2;;331;;http://www.mgh.de/dmgh/resolving/MGH_SS_2_S._331
 Vita Bonifatii auctore Willibaldo, ed. Wilhelm Levison, in: MGH SS rer. Germ. [57], Hannover – Leipzig 1905, S. 1-58.;MGH SS rer. Germ. 57;705;1;http://www.mgh.de/dmgh/resolving/MGH_SS_rer._Germ._57_S._1;
Chronicon Aquitanicum, ed. Georg Heinrich Pertz, in: MGH SS 2, Hannover 1829, S. 252-253.;MGH SS 2;;252;;http://www.mgh.de/dmgh/resolving/MGH_SS_2_S._252
Ex vita s. Idae auctore Uffingo monacho Werthiniensi, ed. Georg Heinrich Pertz, in: MGH SS 2, Hannover 1829, S. 569-576 Auszüge;MGH SS 2;;569;;http://www.mgh.de/dmgh/resolving/MGH_SS_2_S._569
Vita sanctae Chrothildis, ed. Bruno Krusch, in: MGH SS rer. Merov. 2, Hannover 1888, S. 341-348.;MGH SS rer. Merov. 2;749;341;http://www.mgh.de/dmgh/resolving/MGH_SS_rer._Merov._2_S._341;
Vita sancti Arnulfi, ed. Bruno Krusch, in: MGH SS rer. Merov. 2, Hannover 1888, S. 426-446.;MGH SS rer. Merov. 2;749;426;http://www.mgh.de/dmgh/resolving/MGH_SS_rer._Merov._2_S._426;
Regum Francorum genealogiae, ed. Georg Heinrich Pertz, in: MGH SS 2, Hannover 1829, S. 304-314. ;MGH SS 2;;304;;http://www.mgh.de/dmgh/resolving/MGH_SS_2_S._304
 Genealogiae Karolum, ed. Georg Waitz, in: MGH SS 13, Hannover 1881, S. 242-248.;MGH SS 13;875;242;http://www.mgh.de/dmgh/resolving/MGH_SS_13_S._242;
Vitae Columbani abbatis discipulorumque eius libri II, ed. Bruno Krusch, in: MGH SS rer. Germ. [37], Hannover – Leipzig 1905, S. 1-294.;MGH SS rer. Germ. 37;740;1;http://www.mgh.de/dmgh/resolving/MGH_SS_rer._Germ._37_S._1;
Chronicon Sancti Martini Coloniensis, ed. Georg Heinrich Pertz, in: MGH SS 2, Hannover 1829, S. 214-215.;MGH SS 2;;214;;http://www.mgh.de/dmgh/resolving/MGH_SS_2_S._214
Annales breves Fuldenses ed. Georg Heinrich Pertz, in: MGH SS 2, Hannover 1829, S. 237.;MGH SS 2;;237;;http://www.mgh.de/dmgh/resolving/MGH_SS_2_S._237
Vita s. Rimberti ed. Georg Heinrich Pertz, in: MGH SS 2, Hannover 1829, S. 764-775.;MGH SS 2;;764;;http://www.mgh.de/dmgh/resolving/MGH_SS_2_S._764
Ex historia translationis sanctae Pusinnae ed. Georg Heinrich Pertz, in: MGH SS 2, Hannover 1829, S. 681-683 Auszüge;MGH SS 2;;681;;http://www.mgh.de/dmgh/resolving/MGH_SS_2_S._681
Historia translationis s. Viti, ed. Georg Heinrich Pertz, in: MGH SS 2, Hannover 1829, S. 576-585.;MGH SS 2;;576;;http://www.mgh.de/dmgh/resolving/MGH_SS_2_S._576
Passio sancti Sigismundi regis, ed. Bruno Krusch, in: MGH SS rer. Merov. 2, Hannover 1888, S. 329-340.;MGH SS rer. Merov. 2;749;329;http://www.mgh.de/dmgh/resolving/MGH_SS_rer._Merov._2_S._329;
Gesta Theoderici regis. Vita ex Aimoino hausta, ed. Bruno Krusch, in: MGH SS rer. Merov. 2, Hannover 1888, S. 210-214.;MGH SS rer. Merov. 2;749;210;http://www.mgh.de/dmgh/resolving/MGH_SS_rer._Merov._2_S._210;
De vita sanctae Radegundis libri duo, ed. Bruno Krusch, in: MGH SS rer. Merov. 2, Hannover 1888, S. 358-395.;MGH SS rer. Merov. 2;749;358;http://www.mgh.de/dmgh/resolving/MGH_SS_rer._Merov._2_S._358;
Vita sancti Chlodovaldi, ed. Bruno Krusch, in: MGH SS rer. Merov. 2, Hannover 1888, S. 349-357.;MGH SS rer. Merov. 2;749;349;http://www.mgh.de/dmgh/resolving/MGH_SS_rer._Merov._2_S._349;
Vita sanctae Geretrudis, ed. Bruno Krusch, in: MGH SS rer. Merov. 2, Hannover 1888, S. 447-474.;MGH SS rer. Merov. 2;749;447;http://www.mgh.de/dmgh/resolving/MGH_SS_rer._Merov._2_S._447;
Vita sanctae Balthildis, ed. Bruno Krusch, in: MGH SS rer. Merov. 2, Hannover 1888, S. 475-508.;MGH SS rer. Merov. 2;749;475;http://www.mgh.de/dmgh/resolving/MGH_SS_rer._Merov._2_S._475;
Vita Dagoberti III. regis Francorum, ed. Bruno Krusch, in: MGH SS rer. Merov. 2, Hannover 1888, S. 509-524.;MGH SS rer. Merov. 2;749;509;http://www.mgh.de/dmgh/resolving/MGH_SS_rer._Merov._2_S._509;
Annales Wirziburgenses, ed. Georg Heinrich Pertz, in: MGH SS 2, Hannover 1829, S. 238-247.;MGH SS 2;;238;;http://www.mgh.de/dmgh/resolving/MGH_SS_2_S._238
Gesta Theoderici regis. Vita Fuldensis, ed. Bruno Krusch, in: MGH SS rer. Merov. 2, Hannover 1888, S. 202-210.;MGH SS rer. Merov. 2;749;202;http://www.mgh.de/dmgh/resolving/MGH_SS_rer._Merov._2_S._202;
Chronicon Novaliciense, ed. Ludwig Konrad Bethmann, in: MGH SS 7, Hannover 1846, S. 73-133.;MGH SS 7;1080;73;http://www.mgh.de/dmgh/resolving/MGH_SS_7_S._73;
Chronicon Moissiacense, ed. Georg Heinrich Pertz, in: MGH SS 1, Hannover 1826, S. 280-313;MGH SS 1;;280;;http://www.mgh.de/dmgh/resolving/MGH_SS_1_S._280
 Ex Chronico Moissiacensi, ed. Georg Heinrich Pertz, in: MGH SS 2, Hannover 1829, S. 257-259.;MGH SS 2;;257;;http://www.mgh.de/dmgh/resolving/MGH_SS_2_S._257
Richer von Saint-Remi, Historiarum libri IV ed. Hartmut Hoffmann (MGH SS 38), Hannover 2000.;MGH SS 38;607;;http://www.mgh.de/dmgh/resolving/MGH_SS_38;
 Continuatio Isidoriana Hispana a. DCCLIV, ed. Theodor Mommsen, in: MGH Auct. ant. 11, Berlin 1894, S. 323–369;MGH Auct. ant. 11;823;323;http://www.mgh.de/dmgh/resolving/MGH_Auct._ant._11_S._323;
Vita Gregorii abbatis prior, ed. Oswald Holder-Egger, in: MGH SS 15,2, Hannover 1888, S. 1187-1190.;MGH SS 15,2;889;1187;http://www.mgh.de/dmgh/resolving/MGH_SS_15,2_S._1187;
Vita Gregorii abbatis porcetensis posterior, ed. Oswald Holder-Egger, in: MGH SS 15,2, Hannover 1888, S. 1191-1199.;MGH SS 15,2;889;1191;http://www.mgh.de/dmgh/resolving/MGH_SS_15,2_S._1191;
Annales Mettenses priores, ed. Bernhard von Simson (MGH SS rer. Germ. [10]), Hannover – Leipzig 1905.;MGH SS rer. Germ. 10;763;;http://www.mgh.de/dmgh/resolving/MGH_SS_rer._Germ._10;